accuracy,loss,top_3_accuracy,val_accuracy,val_loss,val_top_3_accuracy,learning_rate
0.3333333432674408,1.9610674381256104,0.6353365778923035,0.4417521059513092,1.5532662868499756,0.7073625326156616,0.0005000000237487257
0.5821104049682617,1.3850393295288086,0.7626368403434753,0.6486486196517944,1.0909109115600586,0.820130467414856,0.0005000000237487257
0.6730724573135376,1.0990678071975708,0.856510579586029,0.7399813532829285,0.8199756741523743,0.9170550107955933,0.0005000000237487257
0.7571628093719482,0.8407217860221863,0.9169578552246094,0.7958993315696716,0.6764678359031677,0.9375582337379456,0.0005000000237487257
0.8056138157844543,0.6552926301956177,0.9481714367866516,0.8266542553901672,0.6035611629486084,0.9506057500839233,0.0005000000237487257
0.8336827158927917,0.5481421947479248,0.9629629850387573,0.819198489189148,0.6127449870109558,0.9468778967857361,0.0005000000237487257
0.8646634221076965,0.47758153080940247,0.9715816378593445,0.8536812663078308,0.546261191368103,0.9496738314628601,0.0005000000237487257
0.8980898857116699,0.3911062180995941,0.9757745265960693,0.8602050542831421,0.5325849056243896,0.9543336629867554,0.0005000000237487257
